Device Name,lsawade
Device Model,Kestrel D3 FIRE
Serial Number,2525187
FORMATTED DATE-TIME,Temperature,Relative Humidity,Heat Stress Index,Dew Point,Wet Bulb Temperature,Station Pressure
YYYY-MM-DD HH:MM:SS,째C,%,째C,째C,째C,mb
2020-08-30 16:40:00,27.7,57.8,28.9,18.6,21.5,1003.8
2020-08-30 16:50:00,27.5,46.3,27.1,14.9,19.2,1002.5
2020-08-30 17:00:00,28.7,37.4,27.8,12.7,18.4,1000.1
2020-08-30 17:10:00,29.6,31.5,28.3,10.9,17.9,1000.5
2020-08-30 17:20:00,30.1,31.1,28.9,11.2,18.2,1000.5
2020-08-30 17:30:00,29.8,31.6,28.5,11.1,18.0,1001.0
2020-08-30 17:40:00,29.9,32.0,28.7,11.4,18.2,1002.4
2020-08-30 17:50:00,29.4,34.2,28.5,12.0,18.4,1001.0
2020-08-30 18:00:00,30.2,31.6,29.1,11.5,18.4,1001.1
2020-08-30 18:10:00,30.5,30.9,29.4,11.4,18.4,1001.3
2020-08-30 18:20:00,29.6,32.9,28.5,11.6,18.2,1001.5
2020-08-30 18:30:00,30.7,31.8,29.8,12.0,18.7,1001.6
2020-08-30 18:40:00,30.0,33.0,29.0,11.9,18.5,1001.9
2020-08-30 18:50:00,29.2,34.7,28.3,12.0,18.3,1002.0
2020-08-30 19:00:00,28.4,36.0,27.2,11.8,17.9,1002.3
2020-08-30 19:10:00,27.7,36.7,26.5,11.6,17.6,1002.6
2020-08-30 19:20:00,27.1,38.7,26.1,11.9,17.5,1003.2
2020-08-30 19:30:00,24.9,43.8,23.9,11.8,16.7,1003.8
2020-08-30 19:40:00,23.8,47.5,23.0,11.9,16.4,1003.9
2020-08-30 19:50:00,23.1,50.8,22.6,12.4,16.4,1004.1
2020-08-30 20:00:00,22.8,52.4,22.4,12.6,16.4,1004.2
2020-08-30 20:10:00,22.6,52.9,22.2,12.5,16.3,1004.5
2020-08-30 20:20:00,22.6,53.2,22.2,12.6,16.4,1004.6
2020-08-30 20:30:00,22.5,53.9,22.1,12.7,16.4,1004.7
2020-08-30 20:40:00,22.2,54.7,21.8,12.6,16.2,1004.6
2020-08-30 20:50:00,21.8,56.2,21.5,12.7,16.1,1004.8
2020-08-30 21:00:00,21.6,57.0,21.4,12.7,16.1,1005.0
2020-08-30 21:10:00,21.4,57.4,21.1,12.6,15.9,1005.0
2020-08-30 21:20:00,21.1,58.0,20.7,12.5,15.8,1005.3
2020-08-30 21:30:00,21.1,58.1,20.7,12.5,15.8,1005.3
2020-08-30 21:40:00,20.8,58.6,20.5,12.4,15.6,1005.6
2020-08-30 21:50:00,20.8,58.8,20.5,12.5,15.7,1005.7
2020-08-30 22:00:00,20.8,58.3,20.5,12.3,15.6,1005.8
2020-08-30 22:10:00,20.6,58.7,20.0,12.2,15.4,1006.2
2020-08-30 22:20:00,20.6,58.4,20.0,12.2,15.4,1006.3
2020-08-30 22:30:00,20.4,59.2,19.9,12.2,15.4,1006.5
2020-08-30 22:40:00,20.4,58.8,19.9,12.1,15.3,1006.7
2020-08-30 22:50:00,20.4,59.2,19.8,12.2,15.3,1006.7
2020-08-30 23:00:00,20.0,61.6,19.3,12.4,15.3,1006.5
2020-08-30 23:10:00,20.0,61.4,19.3,12.3,15.2,1006.6
2020-08-30 23:20:00,19.8,61.7,19.2,12.2,15.2,1006.9
2020-08-30 23:30:00,19.8,61.3,19.2,12.2,15.1,1006.9
2020-08-30 23:40:00,19.7,62.1,18.9,12.2,15.1,1007.0
2020-08-30 23:50:00,19.5,62.9,18.8,12.3,15.1,1007.1
2020-08-31 00:00:00,19.3,64.1,18.5,12.4,15.0,1007.4
2020-08-31 00:10:00,19.2,64.2,18.4,12.3,14.9,1007.5
2020-08-31 00:20:00,19.0,65.1,18.2,12.4,15.0,1007.4
2020-08-31 00:30:00,19.0,65.4,18.1,12.3,14.9,1007.4
2020-08-31 00:40:00,18.8,65.5,17.9,12.2,14.8,1007.5
2020-08-31 00:50:00,18.9,64.9,17.9,12.1,14.8,1007.5
2020-08-31 01:00:00,18.7,65.2,17.8,12.0,14.7,1007.6
2020-08-31 01:10:00,18.6,65.4,17.7,12.0,14.6,1007.8
2020-08-31 01:20:00,18.5,65.6,17.5,11.9,14.5,1008.0
2020-08-31 01:30:00,18.5,65.7,17.6,12.0,14.5,1008.1
2020-08-31 01:40:00,18.4,65.9,17.5,11.9,14.4,1008.1
2020-08-31 01:50:00,18.4,65.6,17.3,11.8,14.4,1008.1
2020-08-31 02:00:00,18.2,65.9,17.3,11.7,14.3,1008.4
2020-08-31 02:10:00,18.0,66.8,17.1,11.8,14.2,1008.3
2020-08-31 02:20:00,17.8,67.8,16.9,11.7,14.1,1008.5
2020-08-31 02:30:00,17.7,68.6,16.9,11.9,14.2,1008.6
2020-08-31 02:40:00,17.7,68.7,16.8,11.8,14.2,1008.7
2020-08-31 02:50:00,17.8,68.0,17.0,11.8,14.1,1008.8
2020-08-31 03:00:00,17.7,67.5,16.8,11.6,14.0,1008.8
2020-08-31 03:10:00,17.7,67.4,16.7,11.6,14.0,1008.8
2020-08-31 03:20:00,17.7,67.4,16.7,11.6,14.0,1008.6
2020-08-31 03:30:00,17.7,67.3,16.8,11.6,14.0,1008.8
2020-08-31 03:40:00,17.6,67.6,16.8,11.6,14.0,1008.7
2020-08-31 03:50:00,17.5,68.6,16.6,11.6,14.0,1008.7
2020-08-31 04:00:00,17.2,69.9,16.5,11.7,13.9,1008.8
2020-08-31 04:10:00,17.3,70.2,16.5,11.8,13.9,1008.9
2020-08-31 04:20:00,17.2,70.4,16.5,11.8,14.0,1009.1
2020-08-31 04:30:00,17.2,70.7,16.5,11.9,14.0,1009.2
2020-08-31 04:40:00,17.2,71.0,16.5,11.9,14.0,1009.3
2020-08-31 04:50:00,17.2,71.3,16.4,11.9,14.0,1009.3
2020-08-31 05:00:00,17.2,71.4,16.6,12.0,14.0,1009.2
2020-08-31 05:10:00,17.2,71.3,16.4,11.9,14.0,1009.3
2020-08-31 05:20:00,17.2,71.2,16.5,11.9,14.0,1009.6
2020-08-31 05:30:00,17.2,71.0,16.5,11.9,14.1,1009.8
2020-08-31 05:40:00,17.3,70.8,16.5,11.9,14.0,1009.8
2020-08-31 05:50:00,17.2,71.0,16.5,11.9,14.0,1010.0
2020-08-31 06:00:00,17.2,71.0,16.5,12.0,14.1,1010.0
2020-08-31 06:10:00,17.2,71.4,16.5,12.0,14.0,1010.0
2020-08-31 06:20:00,17.0,71.9,16.4,11.9,13.9,1010.2
2020-08-31 06:30:00,17.0,72.5,16.4,12.0,14.0,1010.2
2020-08-31 06:40:00,17.2,72.1,16.5,12.1,14.1,1010.2
2020-08-31 06:50:00,17.2,71.8,16.6,12.1,14.1,1010.1
2020-08-31 07:00:00,17.2,72.1,16.6,12.2,14.2,1010.2
2020-08-31 07:10:00,17.4,72.1,16.7,12.3,14.3,1010.3
2020-08-31 07:20:00,17.8,71.0,17.1,12.5,14.6,1010.3
2020-08-31 07:30:00,18.3,69.3,17.5,12.6,14.8,1010.3
2020-08-31 07:40:00,18.6,68.0,17.9,12.6,14.9,1010.1
2020-08-31 07:50:00,19.2,66.0,18.4,12.7,15.2,1010.3
2020-08-31 08:00:00,19.7,64.1,19.0,12.7,15.4,1010.5
2020-08-31 08:10:00,20.0,63.0,19.4,12.7,15.5,1010.5
2020-08-31 08:20:00,20.0,63.5,19.5,12.9,15.6,1010.6
2020-08-31 08:30:00,19.9,62.8,19.2,12.6,15.4,1010.6
2020-08-31 08:40:00,20.3,62.5,19.9,12.9,15.7,1010.6
2020-08-31 08:50:00,20.4,62.0,20.0,12.9,15.7,1010.6
2020-08-31 09:00:00,20.5,61.2,20.0,12.8,15.7,1010.6
2020-08-31 09:10:00,21.7,58.5,21.6,13.2,16.4,1010.6
2020-08-31 09:20:00,21.9,56.8,21.7,13.0,16.3,1010.6
2020-08-31 09:30:00,23.3,54.5,22.8,13.6,17.1,1010.5
2020-08-31 09:40:00,23.9,52.8,23.3,13.7,17.4,1010.6
2020-08-31 09:50:00,23.4,53.1,23.0,13.3,17.0,1010.9
2020-08-31 10:00:00,23.5,53.8,23.0,13.6,17.2,1011.0
2020-08-31 10:10:00,22.9,54.9,22.6,13.4,16.9,1011.0
2020-08-31 10:20:00,23.2,55.8,22.9,13.8,17.3,1010.9
2020-08-31 10:30:00,23.5,55.3,23.1,14.0,17.4,1010.9
2020-08-31 10:40:00,23.2,55.4,22.9,13.8,17.3,1010.9
2020-08-31 10:50:00,23.3,56.2,22.9,14.1,17.4,1010.9
2020-08-31 11:00:00,23.8,56.1,23.4,14.5,17.8,1010.7
2020-08-31 11:10:00,23.8,55.2,23.4,14.2,17.7,1010.8
2020-08-31 11:20:00,23.7,55.7,23.3,14.3,17.7,1010.8
2020-08-31 11:30:00,23.5,56.7,23.2,14.4,17.6,1010.8
2020-08-31 11:40:00,23.6,57.0,23.4,14.6,17.8,1010.6
2020-08-31 11:50:00,24.2,57.2,24.0,15.3,18.4,1010.6
2020-08-31 12:00:00,24.3,57.1,24.1,15.3,18.4,1010.4
2020-08-31 12:10:00,24.0,57.2,23.8,15.1,18.2,1010.3
2020-08-31 12:20:00,24.4,57.8,24.1,15.5,18.5,1010.3
2020-08-31 12:30:00,24.4,56.5,24.1,15.2,18.4,1010.3
2020-08-31 12:40:00,25.4,55.9,25.2,15.9,19.1,1010.2
2020-08-31 12:50:00,25.0,54.2,24.7,15.1,18.5,1010.2
2020-08-31 13:00:00,25.1,55.0,24.7,15.4,18.7,1010.3
2020-08-31 13:10:00,24.7,55.3,24.4,15.2,18.5,1010.5
2020-08-31 13:20:00,25.4,55.1,25.2,15.7,19.0,1010.5
2020-08-31 13:30:00,25.7,54.9,25.5,15.9,19.2,1010.2
2020-08-31 13:40:00,25.8,54.8,25.7,16.0,19.3,1010.2
2020-08-31 13:50:00,26.2,53.4,26.2,16.0,19.4,1010.0
2020-08-31 14:00:00,26.3,51.8,26.2,15.6,19.2,1009.7
2020-08-31 14:10:00,26.7,50.8,26.7,15.7,19.4,1010.0
2020-08-31 14:20:00,26.9,49.8,26.7,15.5,19.4,1009.8
2020-08-31 14:30:00,27.4,49.2,27.4,15.8,19.7,1009.6
2020-08-31 14:40:00,26.8,47.2,26.4,14.6,18.8,1009.9
2020-08-31 14:50:00,26.4,47.4,25.9,14.3,18.6,1009.9
2020-08-31 15:00:00,26.6,47.2,26.1,14.4,18.6,1009.4
2020-08-31 15:10:00,27.2,45.5,26.8,14.4,18.8,1009.4
2020-08-31 15:20:00,27.1,45.3,26.7,14.3,18.8,1009.2
2020-08-31 15:30:00,26.7,45.5,26.2,14.0,18.5,1009.5
2020-08-31 15:40:00,26.9,47.1,26.5,14.7,18.9,1009.4
2020-08-31 15:50:00,26.8,45.6,26.2,14.1,18.6,1009.0
2020-08-31 16:00:00,28.8,42.5,28.7,14.8,19.5,1008.9
2020-08-31 16:10:00,27.5,44.2,27.1,14.3,18.9,1009.4
2020-08-31 16:20:00,27.0,46.2,26.6,14.5,18.8,1009.6
2020-08-31 16:30:00,26.5,46.3,25.9,14.0,18.4,1009.8
2020-08-31 16:40:00,27.0,43.9,26.3,13.6,18.4,1009.5
2020-08-31 16:50:00,29.2,40.3,28.9,14.3,19.4,1008.4
2020-08-31 17:00:00,29.4,38.2,28.9,13.7,19.2,1009.1
2020-08-31 17:10:00,27.9,41.5,27.3,13.7,18.7,1009.9
2020-08-31 17:20:00,26.5,43.1,25.6,12.9,17.9,1010.2
2020-09-04 10:30:00,24.3,95.2,26.4,23.5,23.7,1004.8
2020-09-04 10:40:00,24.3,94.2,26.3,23.3,23.6,1004.6
2020-09-04 10:50:00,24.7,93.0,26.8,23.4,23.7,1004.8
2020-09-04 11:00:00,24.9,93.0,27.2,23.7,24.0,1004.9
2020-09-04 11:10:00,25.2,91.0,27.7,23.6,24.0,1004.7
2020-09-04 11:20:00,26.8,84.1,30.8,23.9,24.7,1005.2
2020-09-04 11:30:00,28.8,67.7,32.6,22.3,24.1,1004.9
2020-09-04 11:40:00,28.5,63.3,30.9,20.8,23.0,1004.8
2020-09-04 11:50:00,29.4,61.4,32.7,21.2,23.5,1005.1
2020-09-04 12:00:00,30.0,59.1,33.3,21.1,23.6,1004.8
2020-09-04 12:10:00,29.2,57.9,31.7,20.0,22.7,1004.7
2020-09-04 12:20:00,29.1,58.3,31.6,20.1,22.7,1005.2
2020-09-04 12:30:00,29.4,58.5,32.2,20.5,23.1,1004.3
2020-09-04 12:40:00,31.0,53.1,34.2,20.3,23.3,1004.3
2020-09-04 12:50:00,30.6,50.1,32.9,19.0,22.5,1004.1
2020-09-04 13:00:00,31.3,45.9,32.9,18.2,22.2,1004.1
2020-09-04 13:10:00,31.2,45.4,32.8,18.0,22.0,1004.0
2020-09-04 13:20:00,31.5,44.2,33.0,17.8,22.0,1004.0
2020-09-04 13:30:00,31.6,42.2,33.0,17.2,21.7,1003.8
2020-09-04 13:40:00,32.5,39.4,33.9,16.9,21.8,1003.9
2020-09-04 13:50:00,33.1,40.6,35.2,17.9,22.5,1003.6
2020-09-04 14:00:00,33.2,36.8,34.5,16.4,21.7,1003.4
2020-09-04 14:10:00,33.6,36.2,35.0,16.5,21.9,1003.7
2020-09-04 14:20:00,30.5,44.0,31.5,16.9,21.2,1004.6
2020-09-04 14:30:00,30.4,47.8,31.9,18.1,21.9,1004.6
2020-09-04 14:40:00,32.6,44.1,35.1,18.8,22.9,1003.2
2020-09-04 14:50:00,31.8,41.9,33.3,17.3,21.8,1003.4
2020-09-04 15:00:00,33.6,38.6,35.7,17.6,22.5,1003.4
2020-09-04 15:10:00,34.1,37.0,36.0,17.3,22.5,1004.6
2020-09-04 15:20:00,32.8,39.8,34.5,17.3,22.1,1003.1
2020-09-04 15:30:00,31.7,42.0,33.0,17.2,21.7,1003.3
2020-09-04 15:40:00,33.3,38.3,35.0,17.2,22.2,1003.1
2020-09-04 15:50:00,32.9,37.1,34.1,16.3,21.6,1003.1
2020-09-04 16:00:00,33.4,35.5,34.7,16.1,21.6,1003.1
2020-09-04 16:10:00,32.9,35.1,33.6,15.4,21.1,1004.3
2020-09-04 16:20:00,32.4,35.4,33.1,15.2,20.9,1005.0
2020-09-04 16:30:00,32.2,34.5,32.5,14.6,20.5,1003.3
2020-09-04 16:40:00,32.5,33.0,32.7,14.2,20.4,1003.3
2020-09-04 16:50:00,33.1,31.4,33.2,13.9,20.4,1003.3
2020-09-04 17:00:00,34.2,31.3,34.8,14.8,21.2,1003.5
2020-09-04 17:10:00,33.3,30.3,33.2,13.6,20.3,1003.6
2020-09-04 17:20:00,33.6,31.7,33.9,14.4,20.9,1003.6
2020-09-04 17:30:00,34.7,31.4,35.5,15.3,21.6,1003.6
2020-09-04 17:40:00,32.5,31.0,32.1,13.2,19.9,1004.3
2020-09-04 17:50:00,30.8,34.5,30.4,13.4,19.5,1004.6
2020-09-04 18:00:00,31.3,34.0,30.8,13.5,19.7,1004.1
2020-09-04 18:10:00,30.3,36.2,30.0,13.7,19.5,1004.8
2020-09-04 18:20:00,29.8,37.4,29.3,13.7,19.3,1005.3
2020-09-04 18:30:00,28.8,38.0,28.2,13.1,18.7,1005.4
2020-09-04 18:40:00,30.8,34.7,30.3,13.4,19.5,1004.6
2020-09-04 18:50:00,28.6,36.6,27.7,12.3,18.2,1005.7
2020-09-04 19:00:00,28.2,38.2,27.4,12.7,18.3,1005.1
2020-09-04 19:10:00,28.0,38.0,27.0,12.4,18.1,1005.5
2020-09-04 19:20:00,26.6,41.2,25.7,12.4,17.6,1006.2
2020-09-04 19:30:00,25.7,43.8,24.7,12.5,17.4,1006.4
2020-09-04 19:40:00,25.1,46.0,24.3,12.7,17.3,1006.5
2020-09-04 19:50:00,24.8,45.5,23.8,12.2,16.9,1006.7
2020-09-04 20:00:00,24.7,45.4,23.7,12.1,16.8,1006.7
2020-09-04 20:10:00,24.3,45.8,23.4,11.9,16.6,1006.7
2020-09-04 20:20:00,24.1,46.9,23.2,12.0,16.5,1007.1
2020-09-04 20:30:00,23.8,48.1,23.1,12.2,16.5,1007.3
2020-09-04 20:40:00,23.5,48.6,22.8,12.0,16.4,1007.4
2020-09-04 20:50:00,23.4,48.6,22.8,12.0,16.3,1007.8
2020-09-04 21:00:00,23.4,48.4,22.8,11.9,16.3,1007.8
2020-09-04 21:10:00,23.3,48.0,22.5,11.7,16.2,1007.9
2020-09-04 21:20:00,23.1,48.5,22.5,11.7,16.1,1008.0
2020-09-04 21:30:00,23.1,48.5,22.5,11.6,16.1,1008.0
2020-09-04 21:40:00,23.0,47.8,22.4,11.4,15.9,1008.1
2020-09-04 21:50:00,22.8,47.6,22.2,11.1,15.7,1008.3
2020-09-04 22:00:00,22.1,54.4,21.8,12.5,16.1,1008.6
2020-09-04 22:10:00,21.5,55.5,21.4,12.3,15.8,1008.6
2020-09-04 22:20:00,21.8,53.4,21.5,12.0,15.8,1008.5
2020-09-04 22:30:00,22.7,48.4,22.1,11.3,15.7,1008.5
2020-09-04 22:40:00,22.6,48.0,22.0,11.0,15.6,1008.6
2020-09-04 22:50:00,22.4,49.8,21.8,11.4,15.7,1008.9
2020-09-04 23:00:00,22.2,51.5,21.8,11.7,15.8,1009.1
2020-09-04 23:10:00,22.1,52.6,21.8,12.0,15.9,1009.1
2020-09-04 23:20:00,22.2,52.9,21.9,12.1,16.0,1009.2
2020-09-04 23:30:00,22.1,54.1,21.8,12.4,16.1,1009.2
2020-09-04 23:40:00,21.7,58.2,21.5,13.1,16.3,1009.5
2020-09-04 23:50:00,21.2,61.9,21.1,13.6,16.4,1009.5
2020-09-05 00:00:00,20.9,61.8,20.7,13.3,16.2,1009.6
2020-09-05 00:10:00,21.0,61.3,20.7,13.3,16.2,1009.7
2020-09-05 00:20:00,21.1,60.0,20.9,13.0,16.1,1009.7
2020-09-05 00:30:00,21.3,59.6,21.2,13.1,16.2,1009.8
2020-09-05 00:40:00,21.1,60.0,21.0,13.1,16.1,1009.9
2020-09-05 00:50:00,21.0,60.4,20.7,13.0,16.0,1009.8
2020-09-05 01:00:00,20.9,60.2,20.7,12.9,15.9,1010.1
2020-09-05 01:10:00,21.0,59.7,20.6,12.8,15.9,1010.2
2020-09-05 01:20:00,20.8,61.1,20.4,13.0,15.9,1010.3
2020-09-05 01:30:00,20.5,61.7,20.0,12.9,15.8,1010.5
2020-09-05 01:40:00,20.2,62.7,19.8,12.9,15.7,1010.8
2020-09-05 01:50:00,20.0,63.4,19.5,12.9,15.6,1010.9
2020-09-05 02:00:00,20.1,62.4,19.5,12.7,15.5,1011.1
2020-09-05 02:10:00,19.9,63.0,19.4,12.7,15.5,1011.2
2020-09-05 02:20:00,19.7,63.5,19.1,12.6,15.3,1011.4
2020-09-05 02:30:00,19.5,64.5,18.9,12.7,15.3,1011.4
2020-09-05 02:40:00,19.4,64.9,18.6,12.6,15.2,1011.5
2020-09-05 02:50:00,19.3,64.2,18.5,12.4,15.0,1011.7
2020-09-05 03:00:00,19.1,63.6,18.3,12.1,14.8,1011.9
2020-09-05 03:10:00,19.1,63.1,18.1,11.9,14.7,1011.9
2020-09-05 03:20:00,19.0,63.3,18.0,11.8,14.7,1012.1
2020-09-05 03:30:00,18.8,63.2,17.9,11.7,14.5,1012.1
2020-09-05 03:40:00,18.7,63.2,17.7,11.6,14.4,1012.4
2020-09-05 03:50:00,18.6,63.0,17.6,11.5,14.3,1012.6
2020-09-05 04:00:00,18.6,62.0,17.6,11.2,14.2,1012.6
2020-09-05 04:10:00,18.6,61.1,17.5,11.0,14.0,1012.7
2020-09-05 04:20:00,18.6,60.7,17.5,10.9,14.0,1012.8
2020-09-05 04:30:00,18.6,60.4,17.3,10.8,14.0,1013.0
2020-09-05 04:40:00,18.5,60.5,17.2,10.7,13.9,1013.0
2020-09-05 04:50:00,18.2,61.4,17.0,10.7,13.8,1013.2
2020-09-05 05:00:00,17.9,62.9,16.8,10.8,13.7,1013.2
2020-09-05 05:10:00,17.6,64.2,16.6,10.8,13.6,1013.2
2020-09-05 05:20:00,17.3,65.2,16.3,10.7,13.4,1013.3
2020-09-05 05:30:00,17.1,66.0,16.1,10.7,13.3,1013.5
2020-09-05 05:40:00,16.9,66.7,15.9,10.6,13.2,1013.5
2020-09-05 05:50:00,16.8,67.6,15.9,10.8,13.3,1013.5
2020-09-05 06:00:00,16.5,68.6,15.7,10.7,13.1,1013.6
2020-09-05 06:10:00,16.2,71.0,15.5,11.0,13.1,1013.9
2020-09-05 06:20:00,16.1,72.0,15.5,11.1,13.1,1014.0
2020-09-05 06:30:00,15.9,72.1,15.2,10.9,12.9,1014.2
2020-09-05 06:40:00,16.0,72.4,15.3,11.0,13.0,1014.4
2020-09-05 06:50:00,16.1,71.6,15.4,11.0,13.1,1014.5
2020-09-05 07:00:00,16.4,70.8,15.7,11.1,13.3,1014.7
2020-09-05 07:10:00,17.0,68.1,16.2,11.1,13.5,1014.8
2020-09-05 07:20:00,17.4,66.6,16.5,11.1,13.6,1014.9
2020-09-05 07:30:00,18.2,65.0,17.1,11.5,14.2,1014.8
2020-09-05 07:40:00,19.1,62.4,18.3,11.8,14.7,1014.6
2020-09-05 07:50:00,20.1,58.1,19.3,11.6,14.9,1014.7
2020-09-05 08:00:00,21.1,55.2,20.8,11.8,15.4,1014.7
2020-09-05 08:10:00,21.3,52.9,20.8,11.3,15.2,1014.7
2020-09-05 08:20:00,21.9,51.1,21.4,11.3,15.5,1014.8
2020-09-05 08:30:00,21.8,50.0,21.3,10.9,15.2,1015.0
2020-09-05 08:40:00,21.9,48.2,21.3,10.5,15.0,1014.9
2020-09-05 08:50:00,21.4,48.4,20.8,10.0,14.7,1014.9
2020-09-05 09:00:00,21.7,48.1,21.2,10.3,14.9,1015.1
2020-09-05 09:10:00,22.3,47.9,21.8,10.7,15.3,1015.3
2020-09-05 09:20:00,21.8,47.3,21.2,10.1,14.9,1015.3
2020-09-05 09:30:00,22.6,45.4,21.9,10.2,15.1,1015.4
2020-09-05 09:40:00,22.2,44.9,21.4,9.6,14.8,1015.3
2020-09-05 09:50:00,23.0,44.4,22.2,10.3,15.3,1015.4
2020-09-05 10:00:00,24.0,43.6,23.0,10.9,16.0,1015.4
2020-09-05 10:10:00,23.1,41.2,22.0,9.2,14.9,1015.5
2020-09-05 10:20:00,23.4,42.0,22.3,9.8,15.3,1015.6
2020-09-05 10:30:00,23.8,41.4,22.6,9.9,15.5,1015.7
2020-09-05 10:40:00,23.9,37.4,22.6,8.6,15.0,1015.6
2020-09-05 10:50:00,24.5,37.6,23.1,9.1,15.4,1015.6
2020-09-05 11:00:00,24.9,34.0,23.3,8.0,15.0,1015.6
2020-09-05 11:10:00,25.8,32.5,24.0,8.1,15.4,1015.5
2020-09-05 11:20:00,25.3,31.2,23.4,7.0,14.8,1015.7
2020-09-05 11:30:00,26.0,31.4,24.2,7.8,15.4,1015.6
2020-09-05 11:40:00,26.1,31.1,24.2,7.7,15.3,1015.5
2020-09-05 11:50:00,26.0,30.8,24.2,7.5,15.2,1015.3
2020-09-05 12:00:00,26.6,30.0,24.6,7.6,15.5,1015.2
2020-09-05 12:10:00,26.1,30.1,24.3,7.2,15.2,1015.0
2020-09-05 12:20:00,26.6,28.6,24.6,6.9,15.2,1015.0
2020-09-05 12:30:00,25.9,29.0,23.9,6.5,14.8,1014.8
2020-09-05 12:40:00,28.3,29.5,26.4,8.8,16.6,1014.5
2020-09-05 12:50:00,27.8,26.1,25.7,6.6,15.6,1014.3
2020-09-05 13:00:00,27.6,25.0,25.4,5.8,15.1,1014.2
2020-09-05 13:10:00,27.6,20.0,25.1,2.6,14.1,1014.1
2020-09-05 13:20:00,28.4,21.1,25.9,4.0,14.8,1013.9
2020-09-05 13:30:00,28.8,22.5,26.5,5.3,15.4,1013.7
2020-09-05 13:40:00,27.8,20.3,25.2,3.0,14.3,1013.5
2020-09-05 13:50:00,29.6,21.4,27.3,5.3,15.7,1013.5
2020-09-05 14:00:00,30.9,20.5,28.6,5.7,16.4,1013.4
2020-09-05 14:10:00,31.1,20.1,28.9,5.6,16.4,1013.6
2020-09-05 14:20:00,31.8,20.1,29.7,6.2,16.9,1013.4
2020-09-05 14:30:00,31.0,19.5,28.5,5.0,16.1,1013.2
2020-09-05 14:40:00,32.5,20.1,30.5,6.8,17.3,1013.1
2020-09-05 14:50:00,29.1,20.9,26.7,4.5,15.2,1013.0
2020-09-05 15:00:00,29.0,21.1,26.7,4.6,15.3,1012.9
2020-09-05 15:10:00,29.9,21.8,27.6,5.7,16.0,1012.8
2020-09-05 15:20:00,30.1,21.5,27.9,5.7,16.1,1012.6
2020-09-05 15:30:00,29.6,19.6,27.1,4.0,15.2,1012.7
2020-09-05 15:40:00,31.1,20.1,28.9,5.6,16.4,1012.6
2020-09-05 15:50:00,31.9,19.7,29.7,5.9,16.8,1012.5
2020-09-05 16:00:00,32.0,20.6,29.9,6.7,17.0,1012.4
2020-09-05 16:10:00,30.6,20.8,28.2,5.7,16.2,1012.4
2020-09-05 16:20:00,33.1,20.3,31.2,7.4,17.7,1012.5
2020-09-05 16:30:00,32.0,20.4,29.8,6.5,17.0,1013.4
2020-09-05 16:40:00,29.0,22.5,26.6,5.4,15.6,1012.3
2020-09-05 16:50:00,32.3,22.0,30.6,7.9,17.6,1012.3
2020-09-05 17:00:00,32.9,21.5,31.2,8.1,17.9,1012.3
2020-09-05 17:10:00,31.5,21.5,29.5,6.9,17.0,1012.3
2020-09-05 17:20:00,32.4,22.4,30.6,8.2,17.7,1012.5
2020-09-05 17:30:00,32.1,22.1,30.3,7.8,17.5,1012.6
2020-09-05 17:40:00,32.8,22.9,31.2,8.9,18.1,1012.6
2020-09-05 17:50:00,31.5,22.8,29.7,7.8,17.3,1012.6
2020-09-05 18:00:00,31.1,23.7,29.3,8.0,17.2,1012.7
2020-09-05 18:10:00,31.0,24.0,29.1,8.1,17.2,1012.9
2020-09-05 18:20:00,30.9,24.6,29.1,8.4,17.3,1013.0
2020-09-05 18:30:00,30.4,25.1,28.5,8.2,17.1,1013.0
2020-09-05 18:40:00,30.0,27.0,28.3,9.0,17.3,1013.6
2020-09-05 18:50:00,27.3,31.6,25.6,9.0,16.3,1014.3
2020-09-05 19:00:00,26.2,34.3,24.6,9.2,16.0,1014.1
2020-09-05 19:10:00,25.9,35.2,24.5,9.4,16.0,1014.4
2020-09-05 19:20:00,24.6,37.8,23.1,9.2,15.5,1014.7
2020-09-05 19:30:00,23.7,41.0,22.6,9.7,15.3,1014.7
2020-09-05 19:40:00,23.1,43.5,22.3,10.0,15.3,1014.7
2020-09-05 19:50:00,22.6,46.7,21.9,10.6,15.4,1014.6
2020-09-05 20:00:00,22.2,48.7,21.7,10.9,15.3,1014.7
2020-09-05 20:10:00,22.0,48.3,21.4,10.6,15.1,1014.8
2020-09-05 20:20:00,22.2,46.8,21.6,10.3,15.0,1015.0
2020-09-05 20:30:00,21.9,47.8,21.4,10.4,15.0,1015.1
2020-09-05 20:40:00,21.7,49.4,21.1,10.6,15.0,1015.1
2020-09-05 20:50:00,21.3,53.3,20.8,11.4,15.3,1015.2
2020-09-05 21:00:00,20.7,58.0,20.2,12.1,15.4,1015.3
2020-09-05 21:10:00,20.2,61.4,19.6,12.5,15.5,1015.3
2020-09-05 21:20:00,20.0,64.4,19.6,13.1,15.7,1015.4
2020-09-05 21:30:00,19.9,65.3,19.3,13.2,15.8,1015.3
2020-09-05 21:40:00,19.7,67.1,19.3,13.5,15.8,1015.3
2020-09-05 21:50:00,19.6,67.9,19.2,13.6,15.9,1015.3
2020-09-05 22:00:00,19.5,69.0,19.1,13.7,15.9,1015.2
2020-09-05 22:10:00,19.4,69.9,18.9,13.7,15.8,1015.2
2020-09-05 22:20:00,19.3,71.4,18.8,14.0,16.0,1015.1
2020-09-05 22:30:00,19.2,72.1,18.7,14.0,16.0,1015.0
2020-09-05 22:40:00,19.0,73.2,18.6,14.1,15.9,1015.0
2020-09-05 22:50:00,19.0,73.0,18.5,14.0,15.8,1015.1
2020-09-05 23:00:00,18.8,73.5,18.3,14.0,15.8,1015.0
2020-09-05 23:10:00,18.7,74.3,18.3,14.1,15.8,1015.0
2020-09-05 23:20:00,18.6,75.0,18.2,14.1,15.8,1014.8
2020-09-05 23:30:00,18.6,75.5,18.2,14.2,15.8,1014.8
2020-09-05 23:40:00,18.4,76.1,17.9,14.1,15.7,1014.9
2020-09-05 23:50:00,18.2,77.4,17.9,14.2,15.7,1014.8
2020-09-06 00:00:00,18.0,78.3,17.7,14.2,15.7,1014.7
2020-09-06 00:10:00,18.0,79.0,17.8,14.3,15.7,1014.7
2020-09-06 00:20:00,17.9,80.0,17.6,14.4,15.7,1014.7
2020-09-06 00:30:00,17.8,80.8,17.6,14.4,15.7,1014.7
2020-09-06 00:40:00,17.7,81.1,17.6,14.5,15.7,1014.8
2020-09-06 00:50:00,17.8,81.4,17.7,14.6,15.8,1014.7
2020-09-06 01:00:00,17.8,81.5,17.7,14.6,15.8,1014.7
2020-09-06 01:10:00,17.7,81.9,17.6,14.6,15.8,1014.6
2020-09-06 01:20:00,17.6,82.4,17.5,14.6,15.7,1014.7
2020-09-06 01:30:00,17.4,82.9,17.3,14.4,15.5,1014.4
2020-09-06 01:40:00,17.0,83.8,17.0,14.3,15.3,1014.4
2020-09-06 01:50:00,16.9,85.4,16.9,14.5,15.4,1014.5
2020-09-06 02:00:00,17.1,85.6,17.0,14.6,15.5,1014.4
2020-09-06 02:10:00,17.0,85.4,17.0,14.6,15.5,1014.4
2020-09-06 02:20:00,17.0,85.6,17.0,14.6,15.5,1014.4
2020-09-06 02:30:00,17.2,85.6,17.1,14.7,15.6,1014.4
2020-09-06 02:40:00,16.9,86.2,16.9,14.6,15.4,1014.5
2020-09-06 02:50:00,16.8,87.4,16.8,14.7,15.5,1014.4
2020-09-06 03:00:00,16.7,87.8,16.8,14.7,15.4,1014.3
2020-09-06 03:10:00,16.6,88.3,16.8,14.7,15.4,1014.3
2020-09-06 03:20:00,16.8,87.1,16.8,14.6,15.4,1014.3
2020-09-06 03:30:00,17.0,84.3,17.0,14.4,15.4,1014.3
2020-09-06 03:40:00,17.2,80.3,17.0,13.8,15.1,1014.4
2020-09-06 03:50:00,17.7,75.6,17.2,13.3,15.0,1014.3
2020-09-06 04:00:00,17.7,73.8,17.2,13.0,14.8,1014.3
2020-09-06 04:10:00,17.7,73.4,17.1,12.8,14.8,1014.3
2020-09-06 04:20:00,17.6,73.7,17.0,12.8,14.7,1014.3
2020-09-06 04:30:00,17.5,74.3,17.0,12.9,14.7,1014.2
2020-09-06 04:40:00,17.0,78.6,16.6,13.2,14.8,1014.2
2020-09-06 04:50:00,16.1,82.0,16.0,13.1,14.3,1014.2
2020-09-06 05:00:00,15.8,84.5,15.8,13.2,14.3,1014.4
2020-09-06 05:10:00,15.7,85.9,15.6,13.3,14.2,1014.3
2020-09-06 05:20:00,15.8,87.7,15.8,13.7,14.5,1014.3
2020-09-06 05:30:00,16.0,87.9,16.1,14.0,14.8,1014.4
2020-09-06 05:40:00,16.0,88.2,16.1,14.0,14.8,1014.5
2020-09-06 05:50:00,16.0,88.5,16.1,14.1,14.8,1014.6
2020-09-06 06:00:00,15.8,89.8,15.9,14.1,14.8,1014.6
2020-09-06 06:10:00,15.6,90.7,15.8,14.1,14.7,1014.6
2020-09-06 06:20:00,15.4,91.1,15.7,14.0,14.5,1014.7
2020-09-06 06:30:00,15.3,91.7,15.6,14.0,14.5,1014.8
2020-09-06 06:40:00,15.4,92.5,15.8,14.2,14.7,1015.0
2020-09-06 06:50:00,15.6,92.4,16.0,14.4,14.9,1015.0
2020-09-06 07:00:00,15.8,91.4,16.1,14.4,15.0,1015.1
2020-09-06 07:10:00,16.2,90.2,16.4,14.6,15.2,1015.1
2020-09-06 07:20:00,16.5,89.2,16.6,14.7,15.3,1014.8
2020-09-06 07:30:00,17.3,87.4,17.4,15.2,16.0,1014.9
2020-09-06 07:40:00,18.4,84.5,18.5,15.8,16.8,1014.9
2020-09-06 07:50:00,19.6,78.9,19.6,15.8,17.2,1014.8
2020-09-06 08:00:00,20.4,73.2,20.5,15.5,17.2,1014.6
2020-09-06 08:10:00,21.0,69.2,21.2,15.2,17.3,1014.4
2020-09-06 08:20:00,21.4,65.2,21.4,14.6,17.0,1014.3
2020-09-06 08:30:00,21.7,63.8,21.8,14.6,17.1,1014.2
2020-09-06 08:40:00,21.0,65.1,21.0,14.2,16.7,1014.2
2020-09-06 08:50:00,20.2,69.6,20.1,14.5,16.6,1014.0
2020-09-06 09:00:00,21.0,69.0,21.2,15.1,17.2,1013.6
2020-09-06 09:10:00,22.2,65.0,22.3,15.3,17.7,1013.6
2020-09-06 09:20:00,23.4,60.7,23.3,15.4,18.2,1013.3
2020-09-06 09:30:00,23.9,58.3,23.6,15.2,18.2,1013.3
2020-09-06 09:40:00,24.0,59.6,23.8,15.7,18.5,1013.1
2020-09-06 09:50:00,24.7,57.1,24.5,15.6,18.7,1013.1
2020-09-06 10:00:00,25.2,55.6,24.9,15.7,18.9,1013.1
2020-09-06 10:10:00,24.8,55.2,24.5,15.2,18.5,1013.4
2020-09-06 10:20:00,25.8,53.7,25.8,15.7,19.1,1013.7
2020-09-06 10:30:00,25.8,53.3,25.5,15.6,19.1,1014.4
2020-09-06 10:40:00,25.2,52.9,24.7,14.9,18.4,1014.4
2020-09-06 10:50:00,25.6,50.4,25.2,14.6,18.4,1014.7
2020-09-06 11:00:00,26.1,49.1,25.6,14.6,18.6,1015.1
2020-09-06 11:10:00,26.3,46.1,25.8,13.8,18.3,1015.1
2020-09-06 11:20:00,27.1,44.7,26.6,14.0,18.7,1015.0
2020-09-06 11:30:00,27.8,43.6,27.2,14.2,19.0,1015.1
2020-09-06 11:40:00,28.1,44.0,27.9,14.8,19.3,1015.0
2020-09-06 11:50:00,28.8,42.4,28.7,14.8,19.6,1015.0
2020-09-06 12:00:00,29.8,41.2,30.0,15.3,20.1,1014.8
2020-09-06 12:10:00,29.8,39.8,29.6,14.6,19.8,1014.4
2020-09-06 12:20:00,29.9,37.8,29.7,14.0,19.5,1014.3
2020-09-06 12:30:00,29.8,37.0,29.3,13.6,19.3,1014.2
2020-09-06 12:40:00,31.1,36.5,31.2,14.5,20.1,1013.9
2020-09-06 12:50:00,31.5,34.5,31.2,13.9,20.0,1013.7
2020-09-06 13:00:00,30.8,32.3,30.0,12.4,19.1,1013.6
2020-09-06 13:10:00,32.2,31.7,31.9,13.3,19.9,1013.5
2020-09-06 13:20:00,32.1,31.8,31.6,13.2,19.8,1013.3
2020-09-06 13:30:00,33.1,29.9,32.8,13.2,20.1,1013.2
2020-09-06 13:40:00,32.8,29.0,32.2,12.5,19.7,1013.0
2020-09-06 13:50:00,33.6,26.5,32.9,11.8,19.6,1012.9
2020-09-06 14:00:00,32.6,27.5,31.7,11.4,19.1,1012.7
2020-09-06 14:10:00,33.6,27.1,33.0,12.1,19.7,1012.5
2020-09-06 14:20:00,33.6,26.9,33.0,12.0,19.7,1012.5
2020-09-06 14:30:00,33.6,26.8,32.9,11.9,19.7,1012.3
2020-09-06 14:40:00,33.0,26.1,32.1,11.0,19.1,1012.0
2020-09-06 14:50:00,33.1,23.9,31.7,9.8,18.6,1011.8
2020-09-06 15:00:00,33.5,25.4,32.6,11.0,19.3,1013.0
2020-09-06 15:10:00,31.5,28.5,30.3,11.0,18.6,1012.9
2020-09-06 15:20:00,32.7,28.2,32.0,12.0,19.4,1011.5
2020-09-06 15:30:00,31.9,29.0,30.8,11.6,19.0,1013.0
2020-09-06 15:40:00,31.2,28.9,30.0,11.0,18.5,1012.7
2020-09-06 15:50:00,34.3,26.0,33.9,12.1,20.0,1011.1
2020-09-06 16:00:00,33.9,24.1,32.8,10.5,19.2,1011.2
2020-09-06 16:10:00,31.1,27.1,29.5,10.0,18.1,1012.5
2020-09-06 16:20:00,33.5,27.4,33.0,12.2,19.8,1010.9
2020-09-06 16:30:00,32.2,27.7,31.1,11.2,18.9,1010.6
2020-09-06 16:40:00,33.0,27.1,32.3,11.6,19.4,1010.5
2020-09-06 16:50:00,32.9,26.9,31.9,11.4,19.2,1010.3
2020-09-06 17:00:00,30.8,29.8,29.5,11.1,18.4,1011.4
2020-09-06 17:10:00,30.7,30.4,29.6,11.4,18.5,1012.2
2020-09-06 17:20:00,31.7,31.8,31.1,12.9,19.5,1010.7
2020-09-06 17:30:00,32.7,29.1,32.2,12.4,19.6,1010.7
2020-09-06 17:40:00,32.5,27.6,31.5,11.4,19.1,1010.5
2020-09-06 17:50:00,32.1,30.0,31.4,12.3,19.4,1011.0
2020-09-06 18:00:00,31.8,30.8,31.0,12.4,19.4,1010.9
2020-09-06 18:10:00,31.7,31.2,31.1,12.6,19.4,1011.0
2020-09-06 18:20:00,31.0,31.1,29.9,11.9,18.8,1011.2
2020-09-06 18:30:00,29.9,32.6,28.8,11.7,18.4,1011.6
2020-09-06 18:40:00,29.4,34.7,28.5,12.2,18.5,1012.0
2020-09-06 18:50:00,27.5,37.6,26.4,11.8,17.6,1012.4
2020-09-06 19:00:00,26.8,40.0,25.8,12.1,17.6,1012.4
2020-09-06 19:10:00,26.6,42.1,25.7,12.6,17.8,1012.7
2020-09-06 19:20:00,25.7,45.5,25.0,13.1,17.7,1012.8
2020-09-06 19:30:00,25.2,47.3,24.5,13.2,17.6,1012.8
2020-09-06 19:40:00,24.9,48.8,24.1,13.4,17.6,1012.9
2020-09-06 19:50:00,24.6,51.6,23.9,14.0,17.8,1012.9
2020-09-06 20:00:00,24.2,55.1,23.8,14.6,18.0,1012.8
2020-09-06 20:10:00,23.7,58.4,23.5,15.1,18.1,1012.9
2020-09-06 20:20:00,23.4,60.4,23.3,15.3,18.1,1012.9
2020-09-06 20:30:00,23.1,61.4,23.1,15.3,18.0,1013.1
2020-09-06 20:40:00,22.9,62.1,22.9,15.2,17.9,1013.1
2020-09-06 20:50:00,22.7,62.6,22.7,15.2,17.8,1013.3
2020-09-06 21:00:00,22.4,63.4,22.5,15.1,17.7,1013.2
2020-09-06 21:10:00,22.3,63.8,22.4,15.1,17.6,1013.2
2020-09-06 21:20:00,22.2,64.3,22.4,15.1,17.6,1013.3
2020-09-06 21:30:00,21.9,64.6,22.1,14.9,17.3,1013.3
2020-09-06 21:40:00,21.7,65.4,21.9,15.0,17.4,1013.3
2020-09-06 21:50:00,21.5,66.4,21.8,15.0,17.3,1013.3
2020-09-06 22:00:00,21.2,67.8,21.3,15.0,17.2,1013.3
2020-09-06 22:10:00,21.1,69.4,21.3,15.3,17.3,1013.2
2020-09-06 22:20:00,21.0,70.2,21.0,15.3,17.3,1013.1
2020-09-06 22:30:00,20.8,71.0,20.8,15.3,17.3,1013.1
2020-09-06 22:40:00,20.6,71.8,20.7,15.4,17.2,1013.0
2020-09-06 22:50:00,20.4,72.4,20.5,15.3,17.2,1013.0
2020-09-06 23:00:00,20.3,74.1,20.2,15.5,17.2,1013.0
2020-09-06 23:10:00,20.1,74.9,20.1,15.6,17.2,1012.9
2020-09-06 23:20:00,20.0,75.4,20.0,15.5,17.1,1013.0
2020-09-06 23:30:00,20.0,75.5,20.0,15.5,17.1,1013.0
2020-09-06 23:40:00,19.8,76.3,19.8,15.6,17.1,1013.1
2020-09-06 23:50:00,19.8,76.9,19.7,15.6,17.1,1013.1
2020-09-07 00:00:00,19.7,77.6,19.7,15.7,17.1,1013.1
2020-09-07 00:10:00,19.6,78.5,19.5,15.7,17.1,1013.1
2020-09-07 00:20:00,19.4,79.7,19.3,15.8,17.1,1013.1
2020-09-07 00:30:00,19.3,79.9,19.3,15.8,17.1,1013.0
2020-09-07 00:40:00,19.2,80.3,19.2,15.8,17.1,1013.0
2020-09-07 00:50:00,19.1,81.0,19.2,15.8,17.0,1013.0
2020-09-07 01:00:00,19.1,81.6,19.0,15.8,17.0,1013.1
2020-09-07 01:10:00,18.9,81.9,18.9,15.8,16.9,1013.2
2020-09-07 01:20:00,18.8,82.6,18.8,15.8,16.9,1013.3
2020-09-07 01:30:00,18.6,83.5,18.6,15.8,16.8,1013.1
2020-09-07 01:40:00,18.4,84.1,18.4,15.7,16.7,1013.1
2020-09-07 01:50:00,18.3,84.6,18.4,15.6,16.6,1013.1
2020-09-07 02:00:00,18.2,84.9,18.1,15.6,16.5,1013.1
2020-09-07 02:10:00,18.0,86.6,18.0,15.7,16.5,1012.7
2020-09-07 02:20:00,18.0,86.9,18.1,15.8,16.6,1012.7
2020-09-07 02:30:00,17.9,86.8,18.0,15.7,16.4,1012.7
2020-09-07 02:40:00,17.8,87.6,17.9,15.7,16.4,1012.7
2020-09-07 02:50:00,17.8,87.8,17.9,15.8,16.5,1012.5
2020-09-07 03:00:00,17.7,88.0,17.7,15.7,16.4,1012.4
2020-09-07 03:10:00,17.5,88.4,17.7,15.6,16.3,1012.4
2020-09-07 03:20:00,17.4,89.1,17.5,15.6,16.2,1012.1
2020-09-07 03:30:00,17.4,89.3,17.5,15.6,16.2,1012.1
2020-09-07 03:40:00,17.4,89.2,17.6,15.6,16.3,1012.0
2020-09-07 03:50:00,17.4,89.3,17.5,15.6,16.2,1011.9
2020-09-07 04:00:00,17.2,89.0,17.4,15.4,16.0,1012.0
2020-09-07 04:10:00,17.0,89.1,17.2,15.2,15.8,1012.0
2020-09-07 04:20:00,17.0,89.6,17.1,15.3,15.9,1011.9
2020-09-07 04:30:00,16.9,89.8,17.0,15.2,15.8,1011.9
2020-09-07 04:40:00,16.8,91.0,17.0,15.3,15.8,1011.7
2020-09-07 04:50:00,16.8,91.0,17.1,15.4,15.9,1011.6
2020-09-07 05:00:00,16.8,90.4,17.1,15.2,15.8,1011.7
2020-09-07 05:10:00,16.7,90.8,17.0,15.2,15.7,1011.5
2020-09-07 05:20:00,16.6,91.0,16.8,15.1,15.7,1011.5
2020-09-07 05:30:00,16.6,91.9,16.8,15.2,15.7,1011.9
2020-09-07 05:40:00,16.7,92.3,17.1,15.4,15.9,1012.0
2020-09-07 05:50:00,16.7,91.2,16.9,15.2,15.8,1012.1
2020-09-07 06:00:00,16.4,91.1,16.7,15.0,15.6,1012.4
2020-09-07 06:10:00,16.1,92.1,16.4,14.8,15.3,1012.6
2020-09-07 06:20:00,16.1,93.5,16.5,15.1,15.5,1012.7
2020-09-07 06:30:00,16.1,93.4,16.4,15.0,15.4,1012.6
2020-09-07 06:40:00,16.1,93.6,16.5,15.1,15.5,1012.7
2020-09-07 06:50:00,16.2,93.4,16.5,15.1,15.5,1012.9
2020-09-07 07:00:00,16.6,93.8,17.0,15.6,15.9,1013.1
2020-09-07 07:10:00,17.0,91.6,17.3,15.6,16.1,1013.1
2020-09-07 07:20:00,17.1,90.8,17.4,15.6,16.1,1013.0
2020-09-07 07:30:00,17.8,89.6,18.0,16.1,16.7,1012.8
2020-09-07 07:40:00,18.8,86.8,19.1,16.6,17.4,1012.5
2020-09-07 07:50:00,19.8,82.2,19.9,16.6,17.7,1012.5
2020-09-07 08:00:00,20.6,78.5,20.8,16.7,18.0,1012.5
2020-09-07 08:10:00,21.0,75.9,21.4,16.6,18.1,1012.3
2020-09-07 08:20:00,21.5,74.4,21.8,16.7,18.3,1012.4
2020-09-07 08:30:00,22.2,72.5,22.7,17.1,18.8,1012.2
2020-09-07 08:40:00,23.2,69.5,23.7,17.3,19.3,1012.3
2020-09-07 08:50:00,23.8,67.1,24.1,17.4,19.5,1012.2
2020-09-07 09:00:00,23.9,66.1,24.2,17.2,19.4,1012.3
2020-09-07 09:10:00,24.7,63.5,24.9,17.3,19.7,1012.6
2020-09-07 09:20:00,25.3,60.4,25.4,17.1,19.8,1012.8
2020-09-07 09:30:00,26.1,57.8,26.4,17.1,20.0,1012.8
2020-09-07 09:40:00,26.3,55.9,26.5,16.8,19.9,1012.7
2020-09-07 09:50:00,26.6,55.1,27.0,16.8,20.0,1012.6
2020-09-07 10:00:00,26.9,54.2,27.3,16.9,20.2,1012.5
2020-09-07 10:10:00,27.2,53.1,27.5,16.8,20.2,1012.7
2020-09-07 10:20:00,27.5,52.2,27.9,16.8,20.3,1012.6
2020-09-07 10:30:00,27.4,49.9,27.5,16.1,19.9,1012.5
2020-09-07 10:40:00,27.8,49.3,28.0,16.2,20.0,1012.4
2020-09-07 10:50:00,27.9,47.3,27.7,15.6,19.7,1012.4
2020-09-07 11:00:00,28.4,46.5,28.6,15.9,20.0,1012.0
2020-09-07 11:10:00,28.2,45.5,28.1,15.3,19.7,1011.9
2020-09-07 11:20:00,28.9,43.4,29.0,15.2,19.8,1011.7
2020-09-07 11:30:00,28.8,41.7,28.6,14.5,19.4,1011.6
2020-09-07 11:40:00,29.2,40.2,28.9,14.3,19.4,1011.5
2020-09-07 11:50:00,29.5,40.3,29.5,14.6,19.7,1011.4
2020-09-07 12:00:00,30.7,38.3,30.9,14.9,20.2,1011.4
2020-09-07 12:10:00,31.0,37.2,31.0,14.6,20.1,1011.0
2020-09-07 12:20:00,31.5,36.9,31.7,15.0,20.5,1010.8
2020-09-07 12:30:00,31.9,36.4,32.4,15.2,20.7,1010.6
2020-09-07 12:40:00,32.1,37.2,32.8,15.6,21.0,1010.4
2020-09-07 12:50:00,32.5,35.6,33.1,15.3,21.0,1010.2
2020-09-07 13:00:00,32.4,35.5,33.1,15.2,20.9,1010.1
2020-09-07 13:10:00,32.1,35.2,32.3,14.8,20.6,1010.1
2020-09-07 13:20:00,31.6,35.7,31.8,14.6,20.3,1009.8
2020-09-07 13:30:00,32.5,34.3,32.8,14.7,20.6,1009.4
2020-09-07 13:40:00,33.2,32.7,33.5,14.6,20.8,1009.2
2020-09-07 13:50:00,32.9,32.3,33.1,14.2,20.5,1008.9
2020-09-07 14:00:00,33.2,31.8,33.4,14.2,20.6,1008.7
2020-09-07 14:10:00,33.1,31.9,33.4,14.1,20.5,1008.4
2020-09-07 14:20:00,33.4,32.3,33.7,14.6,20.9,1007.9
2020-09-07 14:30:00,32.8,31.0,32.6,13.5,20.2,1007.9
2020-09-07 14:40:00,33.8,30.9,34.0,14.3,20.8,1007.8
2020-09-07 14:50:00,32.8,31.3,32.7,13.6,20.3,1007.8
2020-09-07 15:00:00,34.0,31.4,34.5,14.7,21.1,1008.0
2020-09-07 15:10:00,34.2,30.7,34.5,14.4,21.0,1007.8
2020-09-07 15:20:00,33.6,30.6,33.6,13.9,20.6,1007.4
2020-09-07 15:30:00,34.5,28.6,34.7,13.7,20.8,1007.5
2020-09-07 15:40:00,34.4,29.8,34.6,14.2,21.0,1007.2
2020-09-07 15:50:00,34.6,30.6,35.2,14.9,21.3,1007.2
2020-09-07 16:00:00,33.4,33.7,34.1,15.3,21.2,1007.3
2020-09-07 16:10:00,33.6,34.8,34.7,15.9,21.6,1007.2
2020-09-07 16:20:00,32.4,36.0,33.2,15.5,21.0,1007.1
2020-09-07 16:30:00,32.5,37.0,33.3,15.9,21.3,1008.6
2020-09-07 16:40:00,31.1,38.4,31.5,15.3,20.5,1008.4
2020-09-07 16:50:00,29.0,42.8,28.9,15.1,19.8,1008.7
2020-09-07 17:00:00,29.4,43.4,29.7,15.7,20.2,1007.9
2020-09-07 17:10:00,29.7,43.2,30.2,15.9,20.4,1007.7
2020-09-07 17:20:00,29.8,42.7,30.1,15.7,20.3,1007.7
2020-09-07 17:30:00,29.3,42.5,29.5,15.3,20.0,1007.7
2020-09-07 17:40:00,29.0,43.0,28.9,15.1,19.8,1007.8
2020-09-07 17:50:00,29.0,44.0,29.0,15.5,20.0,1007.9
2020-09-07 18:00:00,29.4,44.2,29.7,15.9,20.4,1008.0
2020-09-07 18:10:00,28.6,44.8,28.6,15.5,19.9,1008.3
2020-09-07 18:20:00,28.2,45.2,28.1,15.2,19.6,1008.3
2020-09-07 18:30:00,28.2,45.0,27.9,15.1,19.6,1008.2
2020-09-07 18:40:00,27.0,47.6,26.7,14.9,19.0,1009.0
2020-09-07 18:50:00,25.7,52.4,25.5,15.3,18.9,1009.5
2020-09-07 19:00:00,25.1,54.5,24.8,15.3,18.7,1009.3
2020-09-07 19:10:00,24.6,56.1,24.2,15.2,18.5,1009.7
2020-09-07 19:20:00,24.0,58.5,23.9,15.4,18.4,1009.9
2020-09-07 19:30:00,23.7,60.3,23.7,15.6,18.4,1010.1
2020-09-07 19:40:00,23.3,61.9,23.4,15.6,18.2,1010.0
2020-09-07 19:50:00,23.1,63.2,23.3,15.7,18.2,1010.2
2020-09-07 20:00:00,22.9,64.3,23.1,15.8,18.3,1010.2
2020-09-07 20:10:00,22.6,65.6,22.7,15.8,18.2,1010.2
2020-09-07 20:20:00,22.4,67.1,22.6,16.0,18.2,1010.4
2020-09-07 20:30:00,22.2,68.6,22.4,16.1,18.2,1010.3
2020-09-07 20:40:00,22.0,69.9,22.4,16.3,18.2,1010.3
2020-09-07 20:50:00,21.8,70.8,22.2,16.3,18.2,1010.5
2020-09-07 21:00:00,21.7,71.6,22.1,16.4,18.2,1010.6
2020-09-07 21:10:00,21.5,72.5,22.0,16.4,18.2,1010.8
2020-09-07 21:20:00,21.3,73.8,21.7,16.4,18.1,1010.8
2020-09-07 21:30:00,21.2,74.9,21.4,16.5,18.1,1011.0
2020-09-07 21:40:00,21.0,75.9,21.4,16.6,18.1,1011.2
2020-09-07 21:50:00,20.8,76.7,21.1,16.6,18.1,1011.3
2020-09-07 22:00:00,20.7,77.6,21.0,16.7,18.1,1011.5
2020-09-07 22:10:00,20.6,78.5,20.8,16.7,18.0,1011.4
2020-09-07 22:20:00,20.3,79.7,20.6,16.7,17.9,1011.7
2020-09-07 22:30:00,20.2,80.4,20.5,16.8,18.0,1011.8
2020-09-07 22:40:00,20.3,80.9,20.5,16.9,18.1,1011.8
2020-09-07 22:50:00,20.2,81.1,20.5,16.9,18.1,1011.8
2020-09-07 23:00:00,20.1,81.9,20.4,16.9,18.0,1011.8
2020-09-07 23:10:00,19.9,82.4,20.0,16.8,17.8,1011.9
2020-09-07 23:20:00,20.0,83.0,20.3,17.0,18.0,1011.8
2020-09-07 23:30:00,19.9,83.3,20.3,17.0,18.0,1011.9
2020-09-07 23:40:00,19.8,83.6,20.1,17.0,18.0,1012.0
2020-09-07 23:50:00,19.6,84.8,19.9,17.0,17.9,1012.1
2020-09-08 00:00:00,19.4,85.6,19.7,16.9,17.8,1012.0
2020-09-08 00:10:00,19.4,85.6,19.7,17.0,17.9,1011.9
2020-09-08 00:20:00,19.2,86.2,19.4,16.9,17.7,1011.7
2020-09-08 00:30:00,19.1,86.7,19.4,16.9,17.7,1011.8
2020-09-08 00:40:00,18.8,88.5,19.1,16.9,17.6,1011.7
2020-09-08 00:50:00,18.7,88.3,19.0,16.8,17.4,1011.7
2020-09-08 01:00:00,18.6,89.8,18.8,16.9,17.5,1011.6
2020-09-08 01:10:00,18.6,90.6,18.9,17.0,17.6,1011.6
2020-09-08 01:20:00,18.8,90.9,19.1,17.3,17.8,1011.6
2020-09-08 01:30:00,18.7,90.8,19.1,17.2,17.7,1011.6
2020-09-08 01:40:00,18.8,90.9,19.1,17.2,17.8,1011.7
2020-09-08 01:50:00,18.8,90.7,19.2,17.2,17.8,1011.7
2020-09-08 02:00:00,18.6,90.7,19.0,17.0,17.6,1011.7
2020-09-08 02:10:00,18.4,91.4,18.8,17.0,17.5,1011.5
2020-09-08 02:20:00,18.4,92.1,18.8,17.1,17.5,1011.5
2020-09-08 02:30:00,18.4,92.6,18.9,17.2,17.6,1011.5
2020-09-08 02:40:00,18.4,92.9,18.8,17.2,17.6,1011.5
2020-09-08 02:50:00,18.2,92.9,18.6,17.0,17.4,1011.6
2020-09-08 03:00:00,18.0,93.4,18.4,16.9,17.3,1011.3
2020-09-08 03:10:00,17.9,93.3,18.3,16.8,17.2,1011.3
2020-09-08 03:20:00,17.8,94.4,18.2,16.9,17.2,1011.2
2020-09-08 03:30:00,17.7,95.1,18.2,16.9,17.2,1011.1
2020-09-08 03:40:00,17.7,95.5,18.2,17.0,17.2,1011.1
2020-09-08 03:50:00,17.7,95.6,18.1,17.0,17.2,1011.2
2020-09-08 04:00:00,17.6,95.9,18.2,17.0,17.2,1011.2
2020-09-08 04:10:00,17.7,95.6,18.2,17.0,17.2,1011.5
2020-09-08 04:20:00,17.7,96.0,18.3,17.1,17.3,1011.7
2020-09-08 04:30:00,17.7,96.0,18.2,17.0,17.2,1011.6
2020-09-08 04:40:00,17.8,96.1,18.3,17.2,17.4,1011.7
2020-09-08 04:50:00,17.9,95.5,18.3,17.2,17.4,1011.6
2020-09-08 05:00:00,17.7,95.1,18.2,16.9,17.2,1011.6
2020-09-08 05:10:00,17.5,94.9,18.0,16.7,17.0,1011.5
2020-09-08 05:20:00,17.4,94.7,17.8,16.5,16.8,1011.6
2020-09-08 05:30:00,17.2,95.3,17.7,16.5,16.8,1011.6
2020-09-08 05:40:00,17.4,96.8,18.0,16.9,17.1,1011.7
2020-09-08 05:50:00,17.5,96.8,18.0,17.0,17.2,1012.0
2020-09-08 06:00:00,17.7,97.2,18.2,17.2,17.3,1011.9
2020-09-08 06:10:00,17.8,97.2,18.3,17.3,17.5,1011.8
2020-09-08 06:20:00,17.7,96.8,18.3,17.2,17.3,1011.9
2020-09-08 06:30:00,17.5,96.6,18.1,17.0,17.2,1011.9
2020-09-08 06:40:00,17.2,96.6,17.8,16.7,16.9,1012.0
2020-09-08 06:50:00,17.1,96.3,17.6,16.5,16.7,1012.5
2020-09-08 07:00:00,17.4,97.1,18.0,17.0,17.1,1012.6
2020-09-08 07:10:00,17.7,96.6,18.2,17.1,17.3,1012.7
2020-09-08 07:20:00,17.8,96.1,18.4,17.2,17.4,1013.0
2020-09-08 07:30:00,18.4,94.6,18.9,17.5,17.8,1012.9
2020-09-08 07:40:00,19.2,92.2,19.7,17.9,18.3,1012.8
2020-09-08 07:50:00,20.4,88.1,21.0,18.4,19.1,1012.7
2020-09-08 08:00:00,21.5,83.6,22.1,18.6,19.5,1012.9
2020-09-08 08:10:00,22.0,80.9,22.6,18.5,19.6,1012.9
2020-09-08 08:20:00,22.6,78.9,23.4,18.8,20.0,1013.0
2020-09-08 08:30:00,22.7,76.9,23.4,18.5,19.9,1013.3
2020-09-08 08:40:00,23.0,77.0,23.8,18.8,20.1,1013.4
2020-09-08 08:50:00,24.0,74.3,24.7,19.1,20.6,1013.6
2020-09-08 09:00:00,24.6,71.6,25.1,19.1,20.8,1013.6
2020-09-08 09:10:00,23.4,72.4,24.0,18.2,19.9,1014.2
2020-09-08 09:20:00,23.0,75.3,23.7,18.4,19.9,1014.2
2020-09-08 09:30:00,23.6,74.5,24.2,18.8,20.3,1014.1
2020-09-08 09:40:00,25.0,70.5,25.8,19.3,21.1,1014.2
2020-09-08 09:50:00,25.0,69.7,25.6,19.0,20.9,1014.2
2020-09-08 10:00:00,26.2,65.4,27.4,19.2,21.4,1013.8
2020-09-08 10:10:00,27.3,60.4,28.4,19.0,21.5,1014.1
2020-09-08 10:20:00,27.8,57.3,28.8,18.5,21.4,1014.2
2020-09-08 10:30:00,27.6,57.4,28.6,18.4,21.3,1014.0
2020-09-08 10:40:00,27.9,56.3,28.8,18.4,21.3,1014.0
2020-09-08 10:50:00,28.2,55.2,29.4,18.4,21.5,1013.9
2020-09-08 11:00:00,29.1,53.7,30.7,18.7,21.9,1014.0
2020-09-08 11:10:00,29.0,49.1,29.9,17.2,21.1,1014.0
2020-09-08 11:20:00,28.8,48.1,29.3,16.7,20.6,1013.9
2020-09-08 11:30:00,29.3,48.1,30.3,17.2,21.0,1013.9
2020-09-08 11:40:00,30.2,46.0,31.2,17.2,21.4,1013.9
2020-09-08 11:50:00,30.5,45.4,31.6,17.3,21.5,1014.0
2020-09-08 12:00:00,30.5,45.2,31.6,17.3,21.5,1013.8
2020-09-08 12:10:00,30.8,43.2,31.8,16.9,21.3,1013.8
2020-09-08 12:20:00,30.7,43.5,31.6,16.8,21.3,1013.6
2020-09-08 12:30:00,31.8,41.5,33.0,17.1,21.7,1013.6
2020-09-08 12:40:00,32.3,39.6,33.8,16.8,21.7,1013.5
2020-09-08 12:50:00,32.3,39.3,33.7,16.7,21.6,1013.3
2020-09-08 13:00:00,32.8,37.7,34.2,16.5,21.7,1013.1
2020-09-08 13:10:00,32.7,35.6,33.4,15.5,21.1,1013.0
2020-09-08 13:20:00,33.8,35.9,35.4,16.6,22.0,1012.8
2020-09-08 13:30:00,33.9,34.7,35.2,16.1,21.8,1012.6
2020-09-08 13:40:00,34.5,31.9,35.5,15.4,21.6,1012.5
2020-09-08 13:50:00,35.3,31.5,36.5,15.8,22.1,1012.5
2020-09-08 14:00:00,35.3,29.8,36.0,15.0,21.6,1012.7
2020-09-08 14:10:00,35.9,29.6,36.9,15.4,22.0,1012.7
2020-09-08 14:20:00,36.2,29.2,37.3,15.5,22.1,1012.7
2020-09-08 14:30:00,36.7,29.0,38.1,15.8,22.4,1012.4
2020-09-08 14:40:00,37.1,28.7,38.7,16.0,22.6,1012.3
2020-09-08 14:50:00,36.8,28.5,38.3,15.6,22.4,1012.1
2020-09-08 15:00:00,36.7,29.3,38.3,16.0,22.5,1012.0
2020-09-08 15:10:00,37.5,29.3,39.4,16.6,23.1,1012.1
2020-09-08 15:20:00,38.3,28.7,40.8,17.0,23.5,1012.0
2020-09-08 15:30:00,37.9,28.8,40.0,16.7,23.2,1011.8
2020-09-08 15:40:00,37.0,29.2,38.8,16.2,22.7,1011.8
2020-09-08 15:50:00,37.9,28.7,40.0,16.6,23.2,1011.8
2020-09-08 16:00:00,38.4,28.2,40.7,16.8,23.4,1011.7
2020-09-08 16:10:00,35.9,28.7,36.9,14.9,21.8,1011.6
2020-09-08 16:20:00,37.1,28.5,38.7,15.8,22.6,1011.6
2020-09-08 16:30:00,37.8,27.8,39.5,16.0,22.8,1011.5
2020-09-08 16:40:00,37.2,28.8,38.8,16.1,22.7,1011.5
2020-09-08 16:50:00,37.9,27.9,39.9,16.2,23.0,1011.5
2020-09-08 17:00:00,38.0,27.6,39.9,16.1,22.9,1011.3
